{
  "batch_id": 1,
  "focus": {
    "design_hash": "c92114b77230856b9c988b177b8ce7f3603a6479c673aace821f5c95d8beb13c",
    "candidate_id": 157,
    "feasibility": 0.010009883806855921,
    "aspect": 7.624665599435744,
    "lgradb": 5.195836985348979,
    "worst_constraint": "log10_qi",
    "worst_violation": 0.0
  },
  "partner": {
    "design_hash": "fbadb394489d357764c60d1307ed7b9eaa90f5c55ffb3531fb93e572bb5fb01c",
    "candidate_id": 84,
    "aspect": 11.970811736252188,
    "lgradb": 11.17291011850641
  },
  "commands": [
    "python scripts/p3_propose.py --problem p3 --db runs/live_p3_llm_stateful_20260303T072021/wm.sqlite --experiment-id 1 --run-dir runs/live_p3_llm_stateful_20260303T072021 --batch-id 1 --seed-base 10304013 --family scale_groups --model-route governor_llm/bridge/log10_qi --parent runs/live_p3_llm_stateful_20260303T072021/candidates/c92114b77230856b9c988b177b8ce7f3603a6479c673aace821f5c95d8beb13c.json --scale-m-ge 3 0.850000",
    "python scripts/p3_propose.py --problem p3 --db runs/live_p3_llm_stateful_20260303T072021/wm.sqlite --experiment-id 1 --run-dir runs/live_p3_llm_stateful_20260303T072021 --batch-id 1 --seed-base 10304014 --family scale_groups --model-route governor_llm/bridge/log10_qi --parent runs/live_p3_llm_stateful_20260303T072021/candidates/c92114b77230856b9c988b177b8ce7f3603a6479c673aace821f5c95d8beb13c.json --scale-m-ge 3 0.900000",
    "python scripts/p3_propose.py --problem p3 --db runs/live_p3_llm_stateful_20260303T072021/wm.sqlite --experiment-id 1 --run-dir runs/live_p3_llm_stateful_20260303T072021 --batch-id 1 --seed-base 10304015 --family scale_groups --model-route governor_llm/bridge/log10_qi --parent runs/live_p3_llm_stateful_20260303T072021/candidates/c92114b77230856b9c988b177b8ce7f3603a6479c673aace821f5c95d8beb13c.json --scale-m-ge 3 0.950000",
    "python scripts/p3_propose.py --problem p3 --db runs/live_p3_llm_stateful_20260303T072021/wm.sqlite --experiment-id 1 --run-dir runs/live_p3_llm_stateful_20260303T072021 --batch-id 1 --seed-base 10304023 --family scale_groups --model-route governor_llm/bridge/log10_qi --parent runs/live_p3_llm_stateful_20260303T072021/candidates/c92114b77230856b9c988b177b8ce7f3603a6479c673aace821f5c95d8beb13c.json --scale-abs-n 1 0.960000",
    "python scripts/p3_propose.py --problem p3 --db runs/live_p3_llm_stateful_20260303T072021/wm.sqlite --experiment-id 1 --run-dir runs/live_p3_llm_stateful_20260303T072021 --batch-id 1 --seed-base 10304024 --family scale_groups --model-route governor_llm/bridge/log10_qi --parent runs/live_p3_llm_stateful_20260303T072021/candidates/c92114b77230856b9c988b177b8ce7f3603a6479c673aace821f5c95d8beb13c.json --scale-abs-n 1 0.980000",
    "python scripts/p3_propose.py --problem p3 --db runs/live_p3_llm_stateful_20260303T072021/wm.sqlite --experiment-id 1 --run-dir runs/live_p3_llm_stateful_20260303T072021 --batch-id 1 --seed-base 10304033 --family scale_groups --model-route governor_llm/bridge/log10_qi --parent runs/live_p3_llm_stateful_20260303T072021/candidates/c92114b77230856b9c988b177b8ce7f3603a6479c673aace821f5c95d8beb13c.json --scale-abs-n 3 1.020000",
    "python scripts/p3_propose.py --problem p3 --db runs/live_p3_llm_stateful_20260303T072021/wm.sqlite --experiment-id 1 --run-dir runs/live_p3_llm_stateful_20260303T072021 --batch-id 1 --seed-base 10304034 --family scale_groups --model-route governor_llm/bridge/log10_qi --parent runs/live_p3_llm_stateful_20260303T072021/candidates/c92114b77230856b9c988b177b8ce7f3603a6479c673aace821f5c95d8beb13c.json --scale-abs-n 3 1.040000",
    "python scripts/p3_propose.py --problem p3 --db runs/live_p3_llm_stateful_20260303T072021/wm.sqlite --experiment-id 1 --run-dir runs/live_p3_llm_stateful_20260303T072021 --batch-id 1 --seed-base 10304035 --family scale_groups --model-route governor_llm/bridge/log10_qi --parent runs/live_p3_llm_stateful_20260303T072021/candidates/c92114b77230856b9c988b177b8ce7f3603a6479c673aace821f5c95d8beb13c.json --scale-abs-n 3 1.060000"
  ],
  "model_route": "governor_llm/bridge/log10_qi",
  "recipe_mode": "static",
  "created_at": "2026-03-03T07:21:02.958528+00:00",
  "focus_meta": {
    "candidate_id": 157,
    "design_hash": "c92114b77230856b9c988b177b8ce7f3603a6479c673aace821f5c95d8beb13c",
    "seed": 20010005,
    "feasibility": 0.010009883806855921,
    "is_feasible": false,
    "lgradb": 5.195836985348979,
    "aspect": 7.624665599435744,
    "violations": {},
    "metrics": {
      "aspect_ratio": 7.624665599435744,
      "lgradB": 5.195836985348979,
      "iota_edge": 0.25778732651253455,
      "qi": 0.00034279509048387095,
      "log10_qi": -3.4649654066760043,
      "mirror": 0.24846168285984283,
      "flux_compression": 0.89461722387064,
      "vacuum_well": 0.0026048446886233097,
      "max_elongation": 5.475178517889504,
      "average_triangularity": 0.2968912939903899
    },
    "meta": {
      "experiment_id": 1,
      "batch_id": 10,
      "seed": 20010005,
      "move_family": "scale_groups",
      "parents": [
        "fd65cb72439e46888abc3a2bf7e0de997288ec494b61cc30a8c4767aa79c640d"
      ],
      "knobs": {
        "abs_n_3": 1.035
      },
      "created_at": "2026-01-08T07:49:10.927127+00:00"
    },
    "lineage_parent_hashes": [],
    "novelty_score": null,
    "operator_family": "",
    "model_route": "",
    "params": {
      "r_cos": [
        [
          0.0,
          0.0,
          0.0,
          0.0,
          0.9996110108014289,
          0.021033185577223414,
          -0.022540027554204464,
          -0.0023644336571841786,
          -0.0002117515743364841
        ],
        [
          0.0011933289233493065,
          0.003104300059363231,
          0.005235879904880813,
          -0.08000147759527847,
          0.13153701751217697,
          -0.0030150930060693806,
          -0.006182024642479947,
          -0.0029624247000273325,
          -0.00026093612517994787
        ],
        [
          -0.00011388293178165286,
          -0.0015142696190451005,
          0.0036496147528948253,
          0.019586695224305624,
          0.0047192246830574875,
          -0.012112149328934193,
          0.0014977685119345575,
          0.0001672424211196827,
          6.681721300504251e-05
        ],
        [
          0.0006805785835775809,
          -0.00188630860055077,
          -0.0006269943554164827,
          -0.0038212541266372624,
          0.00036833201984744896,
          0.002963724676895507,
          -0.0003423926259453471,
          -5.684880497931905e-05,
          9.36331900346796e-05
        ],
        [
          0.00042822836787951185,
          0.0001502429399097739,
          0.0006756727774553652,
          2.040691881949959e-05,
          0.00025858608835850155,
          -0.0003475595284525586,
          -6.186144783478843e-05,
          0.0004586830922128315,
          -0.0003335949672812815
        ]
      ],