{
  "version": 1,
  "experiment_id": 1,
  "problem": "p3",
  "proposal_script": "scripts/p3_propose.py",
  "run_seed": 10303003,
  "phase": "feasibility_recovery",
  "last_cycle": 2,
  "cycles": {
    "1": {
      "batch_id": 1,
      "seed_base": 10304003,
      "command_count": 3,
      "command_fingerprints": [
        "7bc35b0aeafa1fbe5c676fe0f8400774d462074739c5324fb0a4e5803352a28e",
        "fec533a693d4b2fe85b8a7f0c464eb3164422d4c1a75e334f8c6fd4e9d82e243",
        "16ef9002564b2fab6e86cace82be8bdcf2d2767a57a463a4d6b3e3405b3a6594"
      ],
      "command_seed_bases": [
        10304013,
        10304014,
        10304015
      ],
      "expected_candidates": 3,
      "command_argvs": [
        [
          "python",
          "scripts/p3_propose.py",
          "--problem",
          "p3",
          "--db",
          "runs/live_p3_llm_20260303T071210/wm.sqlite",
          "--experiment-id",
          "1",
          "--run-dir",
          "runs/live_p3_llm_20260303T071210",
          "--batch-id",
          "1",
          "--seed-base",
          "10304013",
          "--family",
          "scale_groups",
          "--model-route",
          "governor_llm/repair/iota",
          "--parent",
          "runs/live_p3_llm_20260303T071210/candidates/c92114b77230856b9c988b177b8ce7f3603a6479c673aace821f5c95d8beb13c.json",
          "--scale-abs-n",
          "1",
          "1.020000"
        ],
        [
          "python",
          "scripts/p3_propose.py",
          "--problem",
          "p3",
          "--db",
          "runs/live_p3_llm_20260303T071210/wm.sqlite",
          "--experiment-id",
          "1",
          "--run-dir",
          "runs/live_p3_llm_20260303T071210",
          "--batch-id",
          "1",
          "--seed-base",
          "10304014",
          "--family",
          "scale_groups",
          "--model-route",
          "governor_llm/repair/iota",
          "--parent",
          "runs/live_p3_llm_20260303T071210/candidates/c92114b77230856b9c988b177b8ce7f3603a6479c673aace821f5c95d8beb13c.json",
          "--scale-abs-n",
          "1",
          "1.040000"
        ],
        [
          "python",
          "scripts/p3_propose.py",
          "--problem",
          "p3",
          "--db",
          "runs/live_p3_llm_20260303T071210/wm.sqlite",
          "--experiment-id",
          "1",
          "--run-dir",
          "runs/live_p3_llm_20260303T071210",
          "--batch-id",
          "1",
          "--seed-base",
          "10304015",
          "--family",
          "scale_groups",
          "--model-route",
          "governor_llm/repair/iota",
          "--parent",
          "runs/live_p3_llm_20260303T071210/candidates/c92114b77230856b9c988b177b8ce7f3603a6479c673aace821f5c95d8beb13c.json",
          "--scale-abs-n",
          "1",
          "1.060000"
        ]
      ],
      "model_route": "governor_llm/repair/iota",
      "created_at": "2026-03-03T07:12:18.620081+00:00"
    },
    "2": {
      "batch_id": 2,
      "seed_base": 10305003,
      "command_count": 8,
      "command_fingerprints": [
        "69a969bfe8061ed8c2928a2d92179a17a04a6f9d5170c7a4d4df04e1b54b5f17",
        "8af7532d0cf8c200c6085448f312e920008b5f6f1fa65601fb955a8c1d97ddd7",
        "cba3943cb4ca9730e262254f593288f971e68057b271b31f2d85824ca3f7f9a5",
        "3c7c69996e3d217b79ab56aa4c079594e8d979021598fa5e94745ed2f45aa24f",
        "2f94c02116bce31a9165d84b8680129b1e5505b2ab3c8dfda16e5594b9110478",
        "52e81e051ab05a3aaaaf645b82634803727e8755e2813b82056a82cef97bfb12",
        "aab6a879534167905b2e6641db27da0cd6051baddca01c62edaf294e0ba8cfb6",
        "bfd119dad719de02c108a4640de2897fcadec6fc6f2935f847234c4c34a32aac"
      ],
      "command_seed_bases": [
        10305013,
        10305014,
        10305015,
        10305023,
        10305024,
        10305033,
        10305034,
        10305035
      ],
      "expected_candidates": 8,
      "command_argvs": [
        [
          "python",
          "scripts/p3_propose.py",
          "--problem",
          "p3",
          "--db",
          "runs/live_p3_llm_20260303T071210/wm.sqlite",
          "--experiment-id",
          "1",
          "--run-dir",
          "runs/live_p3_llm_20260303T071210",
          "--batch-id",
          "2",
          "--seed-base",
          "10305013",
          "--family",
          "scale_groups",
          "--model-route",
          "governor_llm/repair/log10_qi",
          "--parent",
          "runs/live_p3_llm_20260303T071210/candidates/c92114b77230856b9c988b177b8ce7f3603a6479c673aace821f5c95d8beb13c.json",
          "--scale-m-ge",
          "3",
          "0.850000"
        ],
        [
          "python",
          "scripts/p3_propose.py",
          "--problem",
          "p3",
          "--db",
          "runs/live_p3_llm_20260303T071210/wm.sqlite",
          "--experiment-id",
          "1",
          "--run-dir",
          "runs/live_p3_llm_20260303T071210",
          "--batch-id",
          "2",
          "--seed-base",
          "10305014",
          "--family",
          "scale_groups",
          "--model-route",
          "governor_llm/repair/log10_qi",
          "--parent",
          "runs/live_p3_llm_20260303T071210/candidates/c92114b77230856b9c988b177b8ce7f3603a6479c673aace821f5c95d8beb13c.json",
          "--scale-m-ge",
          "3",
          "0.900000"
        ],
        [
          "python",
          "scripts/p3_propose.py",
          "--problem",
          "p3",
          "--db",
          "runs/live_p3_llm_20260303T071210/wm.sqlite",
          "--experiment-id",
          "1",
          "--run-dir",
          "runs/live_p3_llm_20260303T071210",
          "--batch-id",
          "2",
          "--seed-base",
          "10305015",
          "--family",
          "scale_groups",
          "--model-route",
          "governor_llm/repair/log10_qi",
          "--parent",
          "runs/live_p3_llm_20260303T071210/candidates/c92114b77230856b9c988b177b8ce7f3603a6479c673aace821f5c95d8beb13c.json",
          "--scale-m-ge",
          "3",
          "0.950000"
        ],
        [
          "python",
          "scripts/p3_propose.py",
          "--problem",
          "p3",
          "--db",
          "runs/live_p3_llm_20260303T071210/wm.sqlite",
          "--experiment-id",
          "1",
          "--run-dir",
          "runs/live_p3_llm_20260303T071210",
          "--batch-id",
          "2",
          "--seed-base",
          "10305023",
          "--family",
          "scale_groups",
          "--model-route",
          "governor_llm/repair/log10_qi",
          "--parent",
          "runs/live_p3_llm_20260303T071210/candidates/c92114b77230856b9c988b177b8ce7f3603a6479c673aace821f5c95d8beb13c.json",
          "--scale-abs-n",
          "1",
          "0.960000"
        ],
        [
          "python",
          "scripts/p3_propose.py",
          "--problem",
          "p3",
          "--db",
          "runs/live_p3_llm_20260303T071210/wm.sqlite",
          "--experiment-id",
          "1",
          "--run-dir",
          "runs/live_p3_llm_20260303T071210",
          "--batch-id",
          "2",
          "--seed-base",
          "10305024",
          "--family",
          "scale_groups",
          "--model-route",
          "governor_llm/repair/log10_qi",
          "--parent",
          "runs/live_p3_llm_20260303T071210/candidates/c92114b77230856b9c988b177b8ce7f3603a6479c673aace821f5c95d8beb13c.json",
          "--scale-abs-n",
          "1",
          "0.980000"
        ],
        [
          "python",
          "scripts/p3_propose.py",
          "--problem",
          "p3",
          "--db",
          "runs/live_p3_llm_20260303T071210/wm.sqlite",
          "--experiment-id",
          "1",
          "--run-dir",
          "runs/live_p3_llm_20260303T071210",
          "--batch-id",
          "2",
          "--seed-base",
          "10305033",
          "--family",
          "scale_groups",
          "--model-route",
