{
  "r_cos": [
    [
      0.0,
      1.0,
      0.5100000000000001
    ],
    [
      0.0,
      0.1690308509457033,
      -0.02817180849095055
    ]
  ],
  "z_sin": [
    [
      0.0,
      0.0,
      -0.5100000000000001
    ],
    [
      0.0,
      0.1690308509457033,
      0.02817180849095055
    ]
  ],
  "n_field_periods": 3,
  "n_periodicity": 1,
  "is_stellarator_symmetric": true
}