{
  "r_cos": [
    [
      0.0,
      0.0,
      0.0,
      0.0,
      0.9996110108014289,
      0.021033185577223414,
      -0.022540027554204464,
      -0.0023644336571841786,
      -0.0002117515743364841
    ],
    [
      0.0011933289233493065,
      0.003104300059363231,
      0.005235879904880813,
      -0.08000147759527847,
      0.13153701751217697,
      -0.0030150930060693806,
      -0.006182024642479947,
      -0.0029624247000273325,
      -0.00026093612517994787
    ],
    [
      -0.0001116052731460198,
      -0.0014839842266641985,
      0.0035766224578369287,
      0.01919496131981951,
      0.004624840189396338,
      -0.01186990634235551,
      0.0014678131416958663,
      0.00016389757269728904,
      6.548086874494166e-05
    ],
    [
      0.0006669670119060293,
      -0.0018485824285397546,
      -0.000614454468308153,
      -0.003744829044104517,
      0.0003609653794505,
      0.0029044501833575967,
      -0.00033554477342644015,
      -5.571182887973267e-05,
      9.176052623398601e-05
    ],
    [
      0.0004196638005219216,
      0.00014723808111157842,
      0.0006621593219062579,
      1.99987804431096e-05,
      0.0002534143665913315,
      -0.0003406083378835074,
      -6.062421887809266e-05,
      0.0004495094303685748,
      -0.00032692306793565587
    ]
  ],
  "z_sin": [
    [
      0.0,
      0.0,
      0.0,
      0.0,
      0.0,
      -0.17971619633808372,
      0.010386784506651942,
      0.0013968527623535406,
      0.00033147134448170847
    ],
    [
      0.00020335969301598993,
      0.0018111900223142657,
      -0.0037349133722423935,
      -0.09096785433677193,
      -0.18134822059122618,
      0.008218538831964547,
      -0.00029566502178610815,
      0.0015565760321196353,
      -9.267265395801087e-05
    ],
    [
      -4.697775543169321e-05,
      -0.00011304522703273655,
      0.01475207190995234,
      -0.010464883896208624,
      -0.004640008581873542,
      -0.005513170872905437,
      0.0002746922590023658,
      0.00020858500215185512,
      0.0004125016579580652
    ],
    [
      -0.000562949612020936,
      -0.00399302095792344,
      0.0004584968357307906,
      0.0024555695509276814,
      -0.0004783795502644963,
      0.00018298695881059692,
      -0.0011487867929525248,
      -0.0008500583833985496,
      -8.365005073587408e-05
    ],
    [
      0.00018028785565212265,
      0.00042583006362032145,
      0.0001309034143301855,
      -0.00028406142410913865,
      0.00029826891248722415,
      0.00041912332707061373,
      0.00028613890844682603,
      -0.00019414293548307781,
      0.0005618692505975377
    ]
  ],
  "n_field_periods": 3,
  "is_stellarator_symmetric": true
}
