{
  "r_cos": [
    [
      0.0,
      0.0,
      0.0,
      0.0,
      0.999609909721286,
      0.020579867019501073,
      -0.02248602479878402,
      -0.002437990291465761,
      -0.0002255764169028357
    ],
    [
      0.001093996031014376,
      0.002983870053426908,
      0.004564291914392732,
      -0.07533132983575062,
      0.12753331576095928,
      -0.004663583705462443,
      -0.005718822178231953,
      -0.0026961822300245993,
      -0.0002578425126619531
    ],
    [
      -0.00010299463860348758,
      -0.0013888426571405904,
      0.003832653277605343,
      0.018640025701875063,
      0.0033193022147517386,
      -0.010845934396040775,
      0.0012069916607411017,
      0.00026351817900771443,
      4.613549170453826e-05
    ],
    [
      0.0005700207252198229,
      -0.0018336777404956931,
      -0.0004797949198748344,
      -0.003602128713973536,
      0.00047949881786270407,
      0.0027593522092059565,
      -0.0004021533633508124,
      -2.5163924481387147e-05,
      7.176987103121165e-05
    ],
    [
      0.00039340553109156064,
      0.0001482186459187965,
      0.0006711054997098287,
      2.1366226937549636e-05,
      0.00026022747952265143,
      -0.00036580357560730276,
      -4.467530305130958e-05,
      0.0004253147829915483,
      -0.00031123547055315334
    ]
  ],
  "z_sin": [
    [
      0.0,
      0.0,
      0.0,
      0.0,
      0.0,
      -0.17939457670427536,
      0.010288106055986748,
      0.0013931674861181866,
      0.0003243242100335376
    ],
    [
      0.00022302372371439094,
      0.001664071020082839,
      -0.004006422035018154,
      -0.08903106890309474,
      -0.17255339853210355,
      0.010256684948768092,
      -0.0003890985196074974,
      0.001528918428907672,
      -0.0001279053885622098
    ],
    [
      -5.5142836620942745e-05,
      -0.0001298170452341458,
      0.013649821141792964,
      -0.01017360765978343,
      -0.004369232371108355,
      -0.005548116107770299,
      0.0003002684011246217,
      8.505765503741799e-05,
      0.0003903280532267946
    ],
    [
      -0.0005394945416518799,
      -0.0037355600633990783,
      0.0005270685226099098,
      0.0025501148937090955,
      -0.0006593281584061702,
      6.754924788728288e-05,
      -0.0009905082792421144,
      -0.0008386658623047904,
      -4.4321475165598645e-05
    ],
    [
      0.0001510704796805208,
      0.0004200684257737646,
      8.321742132363975e-05,
      -0.00027587273642676,
      0.00031992042983520585,
      0.0004349091779219922,
      0.00024728063020626885,
      -0.00017629453258650004,
      0.0005265023729977388
    ]
  ],
  "n_field_periods": 3,
  "is_stellarator_symmetric": true
}
