{
  "r_cos": [
    [
      0.0,
      0.0,
      0.0,
      0.0,
      0.9996107905854003,
      0.020942521865678947,
      -0.022529227003120374,
      -0.002379144984040495,
      -0.00021451654284975442
    ],
    [
      0.0011734623448823205,
      0.003080214058175966,
      0.0051015623067831965,
      -0.0790674480433729,
      0.13073627716193342,
      -0.003344791145947993,
      -0.006089384149630348,
      -0.0029091762060267858,
      -0.0002603174026763489
    ],
    [
      -0.0001117052731460198,
      -0.0014891842266641984,
      0.003686222457836929,
      0.01939736131981951,
      0.004439240189396338,
      -0.01185890634235551,
      0.0014396131416958664,
      0.00018649757269728905,
      6.268086874494166e-05
    ],
    [
      0.0006584670119060293,
      -0.0018757824285397546,
      -0.0005975544683081529,
      -0.003777429044104517,
      0.0003905653794505,
      0.0029228501833575967,
      -0.00035434477342644017,
      -5.051182887973267e-05,
      8.9260526233986e-05
    ],
    [
      0.0004212638005219216,
      0.00014983808111157843,
      0.0006747593219062579,
      2.05987804431096e-05,
      0.0002589143665913315,
      -0.0003512083378835074,
      -5.842421887809266e-05,
      0.00045200943036857483,
      -0.00032912306793565587
    ]
  ],
  "z_sin": [
    [
      0.0,
      0.0,
      0.0,
      0.0,
      0.0,
      -0.17965187241132205,
      0.010367048816518903,
      0.0013961157071064698,
      0.0003300419175920743
    ],
    [
      0.00020729249915567015,
      0.0017817662218679803,
      -0.003789215104797546,
      -0.09058049725003649,
      -0.17958925617940166,
      0.008626168055325255,
      -0.000314351721350386,
      0.0015510445114772426,
      -9.971920087885065e-05
    ],
    [
      -4.9377755431693205e-05,
      -0.00011824522703273655,
      0.01477247190995234,
      -0.010577483896208623,
      -0.004661608581873542,
      -0.0056101708729054366,
      0.00028429225900236584,
      0.00018728500215185512,
      0.0004148016579580652
    ],
    [
      -0.0005674496120209359,
      -0.00400672095792344,
      0.0004796968357307906,
      0.0025145695509276814,
      -0.0005223795502644963,
      0.00016288695881059692,
      -0.0011358867929525248,
      -0.0008616583833985495,
      -7.715005073587408e-05
    ],
    [
      0.00017738785565212266,
      0.0004316300636203214,
      0.00012350341433018552,
      -0.00028706142410913867,
      0.00030746891248722416,
      0.00042912332707061376,
      0.000283038908446826,
      -0.0001937429354830778,
      0.0005639692505975377
    ]
  ],
  "n_field_periods": 3,
  "is_stellarator_symmetric": true
}
