{
  "r_cos": [
    [
      0.0,
      0.0,
      0.0,
      0.0,
      0.9996101299373147,
      0.020670530731045543,
      -0.022496825349868108,
      -0.0024232789646094445,
      -0.00022281144838956536
    ],
    [
      0.001113862609481362,
      0.0030079560546141726,
      0.004698609512490348,
      -0.07626535938765619,
      0.12833405611120283,
      -0.004333885565583831,
      -0.005811462671081551,
      -0.002749430724025146,
      -0.00025846123516555205
    ],
    [
      -0.00010517229723912063,
      -0.0014139280495214927,
      0.0037960455726632394,
      0.018829359606361177,
      0.0035992867084128884,
      -0.011099177382619457,
      0.001265147030979793,
      0.0002442630274301081,
      5.027183596463911e-05
    ],
    [
      0.0005921322968913745,
      -0.0018442039125067086,
      -0.0005092348069831641,
      -0.0036459537965062815,
      0.00045726545825965304,
      0.002800226702743867,
      -0.00039020121586971936,
      -3.150090058097353e-05,
      7.614253483190523e-05
    ],
    [
      0.0004003700984491509,
      0.000148623504716992,
      0.000672018955258936,
      2.1174365313939625e-05,
      0.00025989920128982147,
      -0.0003621547661763539,
      -4.811253200800536e-05,
      0.00043198844483580503,
      -0.00031570736989877896
    ]
  ],
  "z_sin": [
    [
      0.0,
      0.0,
      0.0,
      0.0,
      0.0,
      -0.17945890063103703,
      0.010307841746119786,
      0.0013939045413652574,
      0.00032575363692317183
    ],
    [
      0.00021909091757471073,
      0.0016934948205291245,
      -0.0039521203024630025,
      -0.08941842598983017,
      -0.1743123629439281,
      0.009849055725407382,
      -0.00037041182004321954,
      0.0015344499495500647,
      -0.00012085884164137
    ],
    [
      -5.3701566323630365e-05,
      -0.0001269240906837935,
      0.013930483833832809,
      -0.01027457671888973,
      -0.004442326423799652,
      -0.005563629799054084,
      0.00029627436559405776,
      0.00011061449181602727,
      0.00039644645440961227
    ],
    [
      -0.000546483309244144,
      -0.0038033502870301688,
      0.00051522560089013,
      0.002541228558013742,
      -0.0006250910063707517,
      9.13836756181114e-05,
      -0.0010268529076697171,
      -0.0008444139925782302,
      -5.25286190581675e-05
    ],
    [
      0.00015764982367342127,
      0.00042295883523540387,
      9.32889195752762e-05,
      -0.0002786699083473547,
      0.0003168075504982105,
      0.00043346271520914757,
      0.00025622019976640815,
      -0.00018065663331064447,
      0.0005358690923976885
    ]
  ],
  "n_field_periods": 3,
  "is_stellarator_symmetric": true
}
