{
  "r_cos": [
    [
      0.0,
      0.0,
      0.0,
      0.0,
      0.9996105703693717,
      0.020851858154134477,
      -0.022518426452036285,
      -0.0023938563108968115,
      -0.0002172815113630247
    ],
    [
      0.0011535957664153343,
      0.0030561280569887015,
      0.004967244708685581,
      -0.07813341849146732,
      0.1299355368116899,
      -0.003674489285826605,
      -0.005996743656780749,
      -0.002855927712026239,
      -0.00025969868017274993
    ],
    [
      -0.00010952761451038675,
      -0.0014640988342832964,
      0.0037228301627790323,
      0.0192080274153334,
      0.004159255695735187,
      -0.011605663355776825,
      0.001381457771457175,
      0.0002057527242748954,
      5.854452448484081e-05
    ],
    [
      0.0006363554402344777,
      -0.0018652562565287393,
      -0.0005681145811998234,
      -0.0037336039615717717,
      0.000412798739053551,
      0.0028819756898196868,
      -0.0003662969209075332,
      -4.417485278014629e-05,
      8.488786243329241e-05
    ],
    [
      0.0004142992331643314,
      0.00014943322231338293,
      0.0006738458663571505,
      2.0790642066719605e-05,
      0.0002592426448241615,
      -0.0003548571473144563,
      -5.498698992139689e-05,
      0.00044533576852431823,
      -0.0003246511685900302
    ]
  ],
  "z_sin": [
    [
      0.0,
      0.0,
      0.0,
      0.0,
      0.0,
      -0.17958754848456038,
      0.010347313126385864,
      0.001395378651859399,
      0.0003286124907024401
    ],
    [
      0.00021122530529535033,
      0.001752342421421695,
      -0.0038435168373526975,
      -0.09019314016330106,
      -0.17783029176757711,
      0.009033797278685966,
      -0.0003330384209146638,
      0.00154551299083485,
      -0.00010676574779969043
    ],
    [
      -5.081902572900559e-05,
      -0.00012113818158308886,
      0.014491809217912495,
      -0.010476514837102326,
      -0.004588514529182245,
      -0.005594657181621652,
      0.0002882862945329298,
      0.00016172816537324584,
      0.00040868325677524757
    ],
    [
      -0.000560460844428672,
      -0.00393893073429235,
      0.0004915397574505704,
      0.002523455886623035,
      -0.0005566167022999147,
      0.0001390525310797684,
      -0.0010995421645249221,
      -0.0008559102531251097,
      -6.89429068433052e-05
    ],
    [
      0.00017080851165922217,
      0.0004287396541586823,
      0.00011343191607854906,
      -0.000284264252188544,
      0.0003105817918242196,
      0.0004305697897834583,
      0.00027409933888668676,
      -0.00018938083475893337,
      0.0005546025311975879
    ]
  ],
  "n_field_periods": 3,
  "is_stellarator_symmetric": true
}
