{
  "r_cos": [
    [
      0.0,
      0.0,
      0.0,
      0.0,
      0.9996110108014289,
      0.021033185577223414,
      -0.022540027554204464,
      -0.0023644336571841786,
      -0.0002117515743364841
    ],
    [
      0.0011933289233493065,
      0.003104300059363231,
      0.005235879904880813,
      -0.08000147759527847,
      0.13153701751217697,
      -0.0030150930060693806,
      -0.006182024642479947,
      -0.0029624247000273325,
      -0.00026093612517994787
    ],
    [
      -0.00011388293178165286,
      -0.0015142696190451005,
      0.0036496147528948253,
      0.019586695224305624,
      0.0047192246830574875,
      -0.012112149328934193,
      0.0014977685119345575,
      0.0001672424211196827,
      6.681721300504251e-05
    ],
    [
      0.0005784917960409438,
      -0.0016033623104681545,
      -0.0005329452021040102,
      -0.003248066007641673,
      0.0003130822168703316,
      0.002519165975361181,
      -0.000291033732053545,
      -4.832148423242119e-05,
      7.958821152947766e-05
    ],
    [
      0.00036399411269758507,
      0.0001277064989233078,
      0.0005743218608370604,
      1.734588099657465e-05,
      0.00021979817510472632,
      -0.00029542559918467484,
      -5.2582230659570165e-05,
      0.00038988062838090677,
      -0.00028355572218908924
    ]
  ],
  "z_sin": [
    [
      0.0,
      0.0,
      0.0,
      0.0,
      0.0,
      -0.17971619633808372,
      0.010386784506651942,
      0.0013968527623535406,
      0.00033147134448170847
    ],
    [
      0.00020335969301598993,
      0.0018111900223142657,
      -0.0037349133722423935,
      -0.09096785433677193,
      -0.18134822059122618,
      0.008218538831964547,
      -0.00029566502178610815,
      0.0015565760321196353,
      -9.267265395801087e-05
    ],
    [
      -4.7936485134380825e-05,
      -0.00011535227248238423,
      0.015053134601992183,
      -0.010678452955314922,
      -0.0047347026345648385,
      -0.005625684564189221,
      0.0002802982234718019,
      0.00021284183893046442,
      0.00042092005914088287
    ],
    [
      -0.00048827262267121997,
      -0.0034633345043213514,
      0.0003976758269093592,
      0.002129830732947479,
      -0.00041492103849471616,
      0.00015871317856021162,
      -0.0009963967081731081,
      -0.0007372955366211909,
      -7.255361543417649e-05
    ],
    [
      0.00015637211969826963,
      0.00036934240211966655,
      0.00011353867569454865,
      -0.0002463798066252733,
      0.0002587026281776944,
      0.00036352533470410375,
      0.00024818170630592053,
      -0.00016838928077613893,
      0.00048733557449786436
    ]
  ],
  "n_field_periods": 3,
  "is_stellarator_symmetric": true
}
