{
  "r_cos": [
    [
      0.0,
      0.0,
      0.0,
      0.0,
      0.9996103501533431,
      0.02076119444259001,
      -0.022507625900952195,
      -0.0024085676377531276,
      -0.00022004647987629503
    ],
    [
      0.001133729187948348,
      0.003032042055801437,
      0.004832927110587964,
      -0.07719938893956176,
      0.12913479646144635,
      -0.004004187425705218,
      -0.00590410316393115,
      -0.0028026792180256923,
      -0.000259079957669151
    ],
    [
      -0.00010734995587475368,
      -0.0014390134419023943,
      0.0037594378677211354,
      0.019018693510847284,
      0.0038792712020740377,
      -0.011352420369198141,
      0.001323302401218484,
      0.0002250078758525017,
      5.4408180224739956e-05
    ],
    [
      0.000614243868562926,
      -0.0018547300845177237,
      -0.0005386746940914936,
      -0.0036897788790390264,
      0.000435032098656602,
      0.0028411011962817764,
      -0.0003782490683886263,
      -3.7837876680559904e-05,
      8.051519863259882e-05
    ],
    [
      0.00040733466580674115,
      0.00014902836351518746,
      0.0006729324108080432,
      2.0982503690329615e-05,
      0.00025957092305699145,
      -0.0003585059567454051,
      -5.154976096470112e-05,
      0.0004386621066800616,
      -0.0003201792692444046
    ]
  ],
  "z_sin": [
    [
      0.0,
      0.0,
      0.0,
      0.0,
      0.0,
      -0.17952322455779868,
      0.010327577436252825,
      0.0013946415966123282,
      0.00032718306381280594
    ],
    [
      0.00021515811143503054,
      0.0017229186209754097,
      -0.00389781856990785,
      -0.0898057830765656,
      -0.1760713273557526,
      0.009441426502046674,
      -0.00035172512047894165,
      0.001539981470192457,
      -0.00011381229472053021
    ],
    [
      -5.226029602631797e-05,
      -0.00012403113613344117,
      0.014211146525872652,
      -0.010375545777996025,
      -0.004515420476490948,
      -0.0055791434903378675,
      0.00029228033006349375,
      0.00013617132859463656,
      0.00040256485559242986
    ],
    [
      -0.0005534720768364078,
      -0.0038711405106612593,
      0.0005033826791703502,
      0.002532342222318388,
      -0.0005908538543353332,
      0.00011521810334893989,
      -0.0010631975360973196,
      -0.0008501621228516699,
      -6.0735762950736355e-05
    ],
    [
      0.00016422916766632172,
      0.000425849244697043,
      0.00010336041782691262,
      -0.0002814670802679493,
      0.00031369467116121503,
      0.00043201625249630296,
      0.0002651597693265474,
      -0.0001850187340347889,
      0.0005452358117976383
    ]
  ],
  "n_field_periods": 3,
  "is_stellarator_symmetric": true
}
