{
  "r_cos": [
    [
      0.0,
      0.0,
      0.0,
      0.0,
      0.9996110108014289,
      0.021033185577223414,
      -0.022540027554204464,
      -0.0023644336571841786,
      -0.0002117515743364841
    ],
    [
      0.0011933289233493065,
      0.003104300059363231,
      0.005235879904880813,
      -0.08000147759527847,
      0.13153701751217697,
      -0.0030150930060693806,
      -0.006182024642479947,
      -0.0029624247000273325,
      -0.00026093612517994787
    ],
    [
      -0.00010249463860348758,
      -0.0013628426571405904,
      0.003284653277605343,
      0.017628025701875064,
      0.004247302214751739,
      -0.010900934396040774,
      0.0013479916607411018,
      0.00015051817900771442,
      6.0135491704538264e-05
    ],
    [
      0.0006125207252198229,
      -0.001697677740495693,
      -0.0005642949198748344,
      -0.003439128713973536,
      0.00033149881786270405,
      0.0026673522092059564,
      -0.0003081533633508124,
      -5.1163924481387146e-05,
      8.426987103121165e-05
    ],
    [
      0.00038540553109156066,
      0.00013521864591879652,
      0.0006081054997098287,
      1.8366226937549634e-05,
      0.00023272747952265141,
      -0.00031280357560730277,
      -5.5675303051309583e-05,
      0.00041281478299154834,
      -0.00030023547055315334
    ]
  ],
  "z_sin": [
    [
      0.0,
      0.0,
      0.0,
      0.0,
      0.0,
      -0.17971619633808372,
      0.010386784506651942,
      0.0013968527623535406,
      0.00033147134448170847
    ],
    [
      0.00020335969301598993,
      0.0018111900223142657,
      -0.0037349133722423935,
      -0.09096785433677193,
      -0.18134822059122618,
      0.008218538831964547,
      -0.00029566502178610815,
      0.0015565760321196353,
      -9.267265395801087e-05
    ],
    [
      -4.3142836620942745e-05,
      -0.00010381704523414581,
      0.013547821141792964,
      -0.009610607659783431,
      -0.004261232371108355,
      -0.005063116107770299,
      0.0002522684011246217,
      0.000191557655037418,
      0.0003788280532267946
    ],
    [
      -0.0005169945416518799,
      -0.0036670600633990783,
      0.00042106852260990975,
      0.0022551148937090953,
      -0.0004393281584061701,
      0.0001680492478872829,
      -0.0010550082792421145,
      -0.0007806658623047904,
      -7.682147516559864e-05
    ],
    [
      0.0001655704796805208,
      0.0003910684257737646,
      0.00012021742132363976,
      -0.00026087273642676,
      0.0002739204298352059,
      0.0003849091779219922,
      0.00026278063020626884,
      -0.00017829453258650003,
      0.0005160023729977388
    ]
  ],
  "n_field_periods": 3,
  "is_stellarator_symmetric": true
}
