{
  "r_cos": [
    [
      0.0,
      0.0,
      0.0,
      0.0,
      0.9996110108014289,
      0.021033185577223414,
      -0.022540027554204464,
      -0.0023644336571841786,
      -0.0002117515743364841
    ],
    [
      0.0011933289233493065,
      0.003104300059363231,
      0.005235879904880813,
      -0.08000147759527847,
      0.13153701751217697,
      -0.0030150930060693806,
      -0.006182024642479947,
      -0.0029624247000273325,
      -0.00026093612517994787
    ],
    [
      -0.00010818878519257021,
      -0.0014385561380928454,
      0.003467134015250084,
      0.01860736046309034,
      0.004483263448904613,
      -0.011506541862487483,
      0.0014228800863378295,
      0.00015888030006369855,
      6.347635235479038e-05
    ],
    [
      0.0006465496543987018,
      -0.0017919931705232316,
      -0.0005956446376456585,
      -0.003630191420305399,
      0.0003499154188550765,
      0.0028155384430507318,
      -0.00032527299464807976,
      -5.4006364730353095e-05,
      8.895153053294561e-05
    ],
    [
      0.00040681694948553626,
      0.0001427307929142852,
      0.0006418891385825969,
      1.938657287852461e-05,
      0.0002456567839405765,
      -0.0003301815520299307,
      -5.8768375443049e-05,
      0.0004357489376021899,
      -0.0003169152189172174
    ]
  ],
  "z_sin": [
    [
      0.0,
      0.0,
      0.0,
      0.0,
      0.0,
      -0.17971619633808372,
      0.010386784506651942,
      0.0013968527623535406,
      0.00033147134448170847
    ],
    [
      0.00020335969301598993,
      0.0018111900223142657,
      -0.0037349133722423935,
      -0.09096785433677193,
      -0.18134822059122618,
      0.008218538831964547,
      -0.00029566502178610815,
      0.0015565760321196353,
      -9.267265395801087e-05
    ],
    [
      -4.553966087766178e-05,
      -0.00010958465885826501,
      0.014300477871892573,
      -0.010144530307549176,
      -0.004497967502836596,
      -0.00534440033597976,
      0.0002662833122982118,
      0.0002021997469839412,
      0.0003998740561838387
    ],
    [
      -0.0005457164606325399,
      -0.0038707856224768043,
      0.00044446121831046026,
      0.0023803990544707114,
      -0.00046373527831762394,
      0.00017738531721435416,
      -0.001113619850311121,
      -0.0008240361879883898,
      -8.108933489702078e-05
    ],
    [
      0.00017476883966277193,
      0.0004127944494278626,
      0.00012689616695273084,
      -0.00027536566622824663,
      0.0002891382314927173,
      0.00040629302113988065,
      0.0002773795541066171,
      -0.00018819978439686114,
      0.0005446691714976131
    ]
  ],
  "n_field_periods": 3,
  "is_stellarator_symmetric": true
}
