{
  "r_cos": [
    [
      0.0,
      0.0,
      0.0,
      0.0,
      0.9996,
      0.0165,
      -0.022,
      -0.0031,
      -0.00035
    ],
    [
      0.0002,
      0.0019,
      -0.00148,
      -0.0333,
      0.0915,
      -0.0195,
      -0.00155,
      -0.0003,
      -0.00023
    ],
    [
      -5e-06,
      -0.00026,
      0.00548,
      0.01012,
      -0.00928,
      0.00055,
      -0.00141,
      0.00113,
      -0.00014
    ],
    [
      -0.000425,
      -0.00136,
      0.000845,
      -0.00163,
      0.00148,
      0.00092,
      -0.00094,
      0.00026,
      -0.000125
    ],
    [
      8e-05,
      0.00013,
      0.00063,
      3e-05,
      0.000275,
      -0.00053,
      0.00011,
      0.000125,
      -0.00011
    ]
  ],
  "z_sin": [
    [
      0.0,
      0.0,
      0.0,
      0.0,
      0.0,
      -0.1765,
      0.0094,
      0.00136,
      0.00026
    ],
    [
      0.0004,
      0.00034,
      -0.00645,
      -0.0716,
      -0.0934,
      0.0286,
      -0.00123,
      0.00128,
      -0.000445
    ],
    [
      -0.00012,
      -0.00026,
      0.00102,
      -0.00563,
      -0.00108,
      -0.00485,
      0.00048,
      -0.001065,
      0.000115
    ],
    [
      -0.000225,
      -0.000685,
      0.00106,
      0.00295,
      -0.0022,
      -0.001005,
      0.000645,
      -0.00058,
      0.000325
    ],
    [
      -0.000145,
      0.00029,
      -0.00037,
      -0.00015,
      0.00046,
      0.0005,
      -0.000155,
      2e-05,
      0.000105
    ]
  ],
  "n_field_periods": 3,
  "is_stellarator_symmetric": true
}
