{
  "r_cos": [
    [
      0.0,
      0.0,
      0.0,
      0.0,
      0.9996110108014289,
      0.02229517671185682,
      -0.022540027554204464,
      -0.0023644336571841786,
      -0.0002117515743364841
    ],
    [
      0.0011933289233493065,
      0.003104300059363231,
      0.005235879904880813,
      -0.08480156625099518,
      0.13153701751217697,
      -0.0031959985864335435,
      -0.006182024642479947,
      -0.0029624247000273325,
      -0.00026093612517994787
    ],
    [
      -0.00011388293178165286,
      -0.0015142696190451005,
      0.0036496147528948253,
      0.020761896937763962,
      0.0047192246830574875,
      -0.012838878288670245,
      0.0014977685119345575,
      0.0001672424211196827,
      6.681721300504251e-05
    ],
    [
      0.0006805785835775809,
      -0.00188630860055077,
      -0.0006269943554164827,
      -0.004050529374235498,
      0.00036833201984744896,
      0.003141548157509238,
      -0.0003423926259453471,
      -5.684880497931905e-05,
      9.36331900346796e-05
    ],
    [
      0.00042822836787951185,
      0.0001502429399097739,
      0.0006756727774553652,
      2.1631333948669567e-05,
      0.00025858608835850155,
      -0.0003684131001597122,
      -6.186144783478843e-05,
      0.0004586830922128315,
      -0.0003335949672812815
    ]
  ],
  "z_sin": [
    [
      0.0,
      0.0,
      0.0,
      0.0,
      0.0,
      -0.19049916811836876,
      0.010386784506651942,
      0.0013968527623535406,
      0.00033147134448170847
    ],
    [
      0.00020335969301598993,
      0.0018111900223142657,
      -0.0037349133722423935,
      -0.09642592559697825,
      -0.18134822059122618,
      0.00871165116188242,
      -0.00029566502178610815,
      0.0015565760321196353,
      -9.267265395801087e-05
    ],
    [
      -4.7936485134380825e-05,
      -0.00011535227248238423,
      0.015053134601992183,
      -0.011319160132633819,
      -0.0047347026345648385,
      -0.005963225638040574,
      0.0002802982234718019,
      0.00021284183893046442,
      0.00042092005914088287
    ],
    [
      -0.0005744383796132,
      -0.004074511181554531,
      0.0004678539140110108,
      0.002656024208146268,
      -0.00048814239822907786,
      0.00019792466973391097,
      -0.0011722314213801273,
      -0.0008674065136719893,
      -8.535719462844294e-05
    ],
    [
      0.0001839671996450231,
      0.0004345204730819607,
      0.00013357491258182195,
      -0.00030725011179151736,
      0.00030435603315022875,
      0.00045333747621923527,
      0.00029197847800696536,
      -0.00019810503620722227,
      0.0005733359699974875
    ]
  ],
  "n_field_periods": 3,
  "is_stellarator_symmetric": true
}
