{
  "r_cos": [
    [
      0.0,
      0.0,
      0.0,
      0.0,
      0.9996110108014289,
      0.021033185577223414,
      -0.022540027554204464,
      -0.0025062996766152296,
      -0.0002117515743364841
    ],
    [
      0.0011933289233493065,
      0.003290558062925025,
      0.005235879904880813,
      -0.08000147759527847,
      0.13153701751217697,
      -0.0030150930060693806,
      -0.006182024642479947,
      -0.0031401701820289725,
      -0.00026093612517994787
    ],
    [
      -0.00011388293178165286,
      -0.0016051257961878067,
      0.0036496147528948253,
      0.019586695224305624,
      0.0047192246830574875,
      -0.012112149328934193,
      0.0014977685119345575,
      0.00017727696638686368,
      6.681721300504251e-05
    ],
    [
      0.0006805785835775809,
      -0.0019994871165838163,
      -0.0006269943554164827,
      -0.0038212541266372624,
      0.00036833201984744896,
      0.002963724676895507,
      -0.0003423926259453471,
      -6.02597332780782e-05,
      9.36331900346796e-05
    ],
    [
      0.00042822836787951185,
      0.00015925751630436035,
      0.0006756727774553652,
      2.040691881949959e-05,
      0.00025858608835850155,
      -0.0003475595284525586,
      -6.186144783478843e-05,
      0.0004862040777456014,
      -0.0003335949672812815
    ]
  ],
  "z_sin": [
    [
      0.0,
      0.0,
      0.0,
      0.0,
      0.0,
      -0.17971619633808372,
      0.010386784506651942,
      0.001480663928094753,
      0.00033147134448170847
    ],
    [
      0.00020335969301598993,
      0.0019198614236531218,
      -0.0037349133722423935,
      -0.09096785433677193,
      -0.18134822059122618,
      0.008218538831964547,
      -0.00029566502178610815,
      0.0016499705940468136,
      -9.267265395801087e-05
    ],
    [
      -4.7936485134380825e-05,
      -0.0001222734088313273,
      0.015053134601992183,
      -0.010678452955314922,
      -0.0047347026345648385,
      -0.005625684564189221,
      0.0002802982234718019,
      0.0002256123492662923,
      0.00042092005914088287
    ],
    [
      -0.0005744383796132,
      -0.004318981852447804,
      0.0004678539140110108,
      0.002505683215232328,
      -0.00048814239822907786,
      0.00018672138654142543,
      -0.0011722314213801273,
      -0.0009194509044923087,
      -8.535719462844294e-05
    ],
    [
      0.0001839671996450231,
      0.00046059170146687834,
      0.00013357491258182195,
      -0.0002898585960297333,
      0.00030435603315022875,
      0.0004276768643577691,
      0.00029197847800696536,
      -0.00020999133837965562,
      0.0005733359699974875
    ]
  ],
  "n_field_periods": 3,
  "is_stellarator_symmetric": true
}
