{
  "r_cos": [
    [
      0.0,
      0.0,
      0.0,
      0.0,
      0.9996110108014289,
      0.021033185577223414,
      -0.022540027554204464,
      -0.0023644336571841786,
      -0.0002117515743364841
    ],
    [
      0.0011933289233493065,
      0.003104300059363231,
      0.005235879904880813,
      -0.08000147759527847,
      0.13153701751217697,
      -0.0030150930060693806,
      -0.006182024642479947,
      -0.0029624247000273325,
      -0.00026093612517994787
    ],
    [
      -0.00011388293178165286,
      -0.0015142696190451005,
      0.0036496147528948253,
      0.019586695224305624,
      0.0047192246830574875,
      -0.012112149328934193,
      0.0014977685119345575,
      0.0001672424211196827,
      6.681721300504251e-05
    ],
    [
      0.0006465496543987018,
      -0.0017919931705232316,
      -0.0005956446376456585,
      -0.003630191420305399,
      0.0003499154188550765,
      0.0028155384430507318,
      -0.00032527299464807976,
      -5.4006364730353095e-05,
      8.895153053294561e-05
    ],
    [
      0.00040681694948553626,
      0.0001427307929142852,
      0.0006418891385825969,
      1.938657287852461e-05,
      0.0002456567839405765,
      -0.0003301815520299307,
      -5.8768375443049e-05,
      0.0004357489376021899,
      -0.0003169152189172174
    ]
  ],
  "z_sin": [
    [
      0.0,
      0.0,
      0.0,
      0.0,
      0.0,
      -0.17971619633808372,
      0.010386784506651942,
      0.0013968527623535406,
      0.00033147134448170847
    ],
    [
      0.00020335969301598993,
      0.0018111900223142657,
      -0.0037349133722423935,
      -0.09096785433677193,
      -0.18134822059122618,
      0.008218538831964547,
      -0.00029566502178610815,
      0.0015565760321196353,
      -9.267265395801087e-05
    ],
    [
      -4.7936485134380825e-05,
      -0.00011535227248238423,
      0.015053134601992183,
      -0.010678452955314922,
      -0.0047347026345648385,
      -0.005625684564189221,
      0.0002802982234718019,
      0.00021284183893046442,
      0.00042092005914088287
    ],
    [
      -0.0005457164606325399,
      -0.0038707856224768043,
      0.00044446121831046026,
      0.0023803990544707114,
      -0.00046373527831762394,
      0.00017738531721435416,
      -0.001113619850311121,
      -0.0008240361879883898,
      -8.108933489702078e-05
    ],
    [
      0.00017476883966277193,
      0.0004127944494278626,
      0.00012689616695273084,
      -0.00027536566622824663,
      0.0002891382314927173,
      0.00040629302113988065,
      0.0002773795541066171,
      -0.00018819978439686114,
      0.0005446691714976131
    ]
  ],
  "n_field_periods": 3,
  "is_stellarator_symmetric": true
}
